low, median, high,  open, close, diff, margin
050.0, 770.0, 959.0, 962.9, 984.72, 123.1, 156.3
962.9, 984.0, 990.0, 874.0, 885.0, 893.9, 941.38
893.9, 909.0, 914.75, 841.0, 887.0, 884.2, 888.09
884.2, 890.0, 958.0, 890.0, 929.0, 921.55, 929.17
921.55, 939.75, 995.0, 922.0, 980.0, 969.3, 965.65
969.3, 985.0, 1056.0, 976.0, 1049.0, 1041.45, 1015.39
1041.45, 1061.0, 1099.5, 1050.0, 1084.0, 1082.45, 1082.79
1082.45, 1089.0, 1109.7, 1051.0, 1090.1, 1081.3, 1087.03
1081.3, 1100.0, 1134.0, 1078.0, 1100.0, 1102.4, 1106.57
1102.4, 1110.0, 1110.0, 1061.1, 1073.55, 1075.4, 1080.38
1075.4, 1081.0, 1089.0, 1041.0, 1046.0, 1047.65, 1067.8
1047.65, 1032.0, 1065.0, 1016.0, 1036.9, 1036.8, 1043.92
1036.8, 1040.0, 1150.0, 1030.25, 1131.15, 1129.95, 1109.09
1129.95, 1139.9, 1140.0, 1101.1, 1107.0, 1110.5, 1119.55
1110.5, 1140.0, 1168.0, 1021.5, 1052.0, 1044.25, 1102.42
1044.25, 1045.0, 1109.9, 1031.55, 1085.0, 1074.95, 1077.84
1074.95, 1091.0, 1116.0, 1046.3, 1078.0, 1066.9, 1082.93
1066.9, 1083.5, 1083.5, 1051.0, 1067.0, 1060.2, 1065.52
1060.2, 1095.0, 1192.0, 1085.25, 1160.0, 1156.8, 1160.77
1156.8, 1175.0, 1214.0, 1148.0, 1212.0, 1199.9, 1183.3
1199.9, 1215.0, 1240.0, 1204.0, 1209.0, 1211.65, 1222.58
1211.65, 1189.4, 1274.0, 1175.0, 1270.0, 1249.1, 1221.31
1249.1, 1263.35, 1295.0, 1261.0, 1268.0, 1268.8, 1277.64
1268.8, 1279.0, 1319.0, 1263.7, 1308.0, 1296.85, 1285.72
1296.85, 1310.25, 1324.0, 1270.0, 1300.15, 1307.45, 1302.15
1307.45, 1305.0, 1314.7, 1261.15, 1267.15, 1275.8, 1289.24
1275.8, 1278.8, 1294.8, 1233.0, 1239.9, 1240.35, 1256.03
1240.35, 1240.0, 1278.9, 1215.0, 1233.0, 1227.25, 1244.76
1227.25, 1240.0, 1255.0, 1185.0, 1202.0, 1204.8, 1217.08
1204.8, 1200.0, 1210.0, 1151.0, 1181.0, 1180.25, 1176.37
1180.25, 1185.0, 1199.8, 1110.0, 1118.0, 1121.55, 1156.44
1121.55, 1128.0, 1130.0, 1063.0, 1096.0, 1085.85, 1087.78
1085.85, 1082.4, 1082.4, 1031.1, 1035.0, 1035.15, 1042.4
1035.15, 1045.6, 1078.7, 1036.05, 1057.0, 1049.55, 1050.69
1049.55, 1046.0, 1064.0, 1000.0, 1038.3, 1030.4, 1032.86
1030.4, 1050.0, 1053.5, 1011.0, 1014.95, 1020.9, 1033.73
1020.9, 1010.0, 1072.0, 974.9, 995.0, 994.6, 1022.57
994.6, 995.0, 1005.0, 795.7, 853.0, 825.05, 880.77
825.05, 700.0, 810.0, 660.05, 739.0, 735.55, 703.2
735.55, 760.0, 881.9, 760.0, 862.2, 857.0, 818.67
857.0, 875.0, 935.0, 812.0, 814.7, 814.15, 854.83
814.15, 820.0, 883.0, 820.0, 866.0, 865.7, 858.33
865.7, 835.0, 835.0, 783.2, 822.0, 820.8, 804.38
820.8, 840.0, 860.0, 820.05, 840.0, 840.75, 841.27
840.75, 849.8, 864.0, 822.25, 834.0, 830.45, 833.82
830.45, 831.0, 849.9, 812.55, 836.6, 837.65, 833.58
837.65, 831.65, 852.3, 820.0, 826.0, 825.35, 828.09
825.35, 847.9, 872.4, 840.0, 859.0, 856.1, 858.77
856.1, 856.0, 857.0, 830.0, 834.65, 834.3, 842.06
834.3, 803.0, 824.9, 780.0, 809.0, 807.5, 810.5
807.5, 825.0, 830.0, 792.0, 795.9, 796.25, 809.53
796.25, 810.0, 830.0, 765.15, 786.0, 784.05, 781.48
784.05, 785.0, 785.0, 695.0, 699.0, 711.2, 736.23
711.2, 725.0, 734.95, 655.6, 689.0, 681.3, 681.38
681.3, 815.9, 815.9, 664.0, 678.0, 670.95, 681.68
670.95, 680.0, 714.0, 680.0, 710.0, 709.8, 704.71
709.8, 700.0, 763.7, 681.25, 729.0, 728.75, 734.23
728.75, 735.0, 775.0, 735.0, 772.0, 771.6, 762.33
771.6, 779.0, 786.9, 760.2, 767.0, 763.9, 772.24
763.9, 750.0, 760.0, 720.0, 740.0, 732.1, 730.61
732.1, 762.0, 762.0, 730.1, 738.9, 737.6, 741.53
737.6, 723.0, 737.0, 715.0, 724.5, 724.0, 726.52
724.0, 725.05, 758.9, 702.3, 707.0, 707.65, 711.7
707.65, 725.0, 744.0, 713.0, 735.0, 735.8, 733.73
735.8, 749.7, 783.4, 741.0, 744.0, 746.4, 762.47
746.4, 740.0, 754.9, 725.05, 740.0, 737.75, 738.91
737.75, 738.0, 761.0, 725.4, 730.0, 735.65, 742.88
735.65, 725.0, 725.0, 692.3, 698.1, 699.25, 709.31
699.25, 705.0, 708.95, 642.0, 671.05, 669.25, 663.93
669.25, 668.0, 672.0, 636.0, 638.0, 640.9, 649.58
640.9, 630.0, 630.0, 577.0, 608.0, 609.75, 595.79
609.75, 600.0, 610.0, 508.15, 600.0, 601.15, 588.84
601.15, 593.0, 635.75, 575.0, 621.5, 623.7, 623.24
623.7, 640.0, 649.95, 591.0, 592.0, 602.9, 625.61
602.9, 585.0, 600.0, 562.05, 569.0, 566.3, 579.98
566.3, 569.0, 577.0, 554.05, 555.0, 561.0, 561.01
561.0, 549.0, 549.0, 507.0, 507.3, 511.45, 524.19
511.45, 505.0, 525.0, 490.0, 500.95, 502.4, 505.47
502.4, 530.0, 530.0, 495.0, 495.05, 497.75, 510.0
497.75, 502.0, 505.9, 465.0, 470.1, 469.2, 474.92
469.2, 475.0, 505.0, 465.05, 495.25, 497.15, 493.01
497.15, 502.0, 522.0, 490.25, 501.15, 504.05, 508.57
504.05, 496.1, 521.0, 486.0, 517.0, 516.0, 512.99
516.0, 515.0, 619.2, 515.0, 619.2, 619.2, 578.13
619.2, 625.0, 673.4, 570.0, 577.0, 578.75, 629.52
578.75, 585.0, 617.0, 584.75, 596.0, 592.2, 598.4
592.2, 623.8, 633.4, 601.0, 608.1, 608.35, 614.65
608.35, 611.0, 621.4, 592.1, 598.05, 602.3, 605.99
602.3, 614.0, 614.0, 585.0, 590.65, 593.2, 594.38
593.2, 595.0, 605.3, 570.0, 591.8, 593.4, 590.59
593.4, 625.0, 625.0, 585.1, 588.0, 589.65, 590.78
589.65, 580.5, 623.0, 575.15, 598.9, 597.75, 605.82
597.75, 615.0, 615.0, 586.0, 611.0, 608.6, 609.93
608.6, 610.0, 620.0, 605.0, 610.75, 610.2, 612.7
610.2, 605.0, 650.0, 600.0, 649.6, 642.55, 630.29
642.55, 657.0, 662.0, 632.0, 641.0, 637.4, 648.05
637.4, 648.8, 659.4, 621.05, 627.9, 626.35, 642.94
626.35, 640.0, 654.95, 633.1, 646.0, 645.15, 644.67
645.15, 640.0, 673.4, 638.15, 671.9, 665.85, 661.65
665.85, 675.0, 677.9, 652.4, 668.3, 666.7, 664.87
666.7, 668.0, 677.85, 658.1, 662.0, 665.25, 665.17
665.25, 670.0, 718.0, 659.1, 717.0, 712.15, 700.58
712.15, 725.0, 741.1, 703.0, 737.0, 736.45, 727.8
736.45, 738.25, 748.0, 711.1, 740.0, 740.6, 729.11
740.6, 740.0, 774.0, 715.0, 755.05, 760.15, 760.03
760.15, 766.25, 788.0, 763.65, 766.05, 766.65, 775.93
766.65, 681.7, 781.7, 681.7, 752.55, 754.4, 768.38
754.4, 730.0, 767.9, 725.1, 761.0, 757.9, 754.53
757.9, 762.0, 774.5, 745.0, 769.0, 768.5, 765.19
768.5, 760.0, 785.0, 752.0, 783.95, 781.5, 771.48
781.5, 770.45, 803.75, 770.0, 778.8, 783.75, 787.68
783.75, 719.2, 814.8, 719.2, 810.7, 807.55, 797.86
807.55, 818.4, 827.5, 786.15, 793.9, 792.85, 808.14
792.85, 790.0, 802.25, 782.0, 789.0, 789.2, 792.56
789.2, 795.0, 808.9, 785.0, 787.0, 790.85, 797.6
790.85, 795.0, 800.0, 771.2, 775.75, 775.6, 785.1
775.6, 776.0, 904.7, 770.0, 890.0, 884.05, 855.33
884.05, 894.55, 926.0, 869.8, 900.0, 901.35, 903.34
901.35, 897.8, 914.95, 868.05, 885.5, 884.4, 892.79
884.4, 890.0, 904.0, 846.0, 851.0, 853.65, 878.61
853.65, 848.45, 905.4, 829.0, 902.0, 887.45, 868.68
887.45, 909.9, 926.0, 860.4, 864.0, 873.05, 889.71
873.05, 873.0, 883.0, 835.0, 840.1, 841.0, 859.2
841.0, 851.15, 867.9, 829.15, 834.05, 834.85, 850.21
834.85, 843.1, 847.7, 760.0, 788.0, 790.4, 794.59
790.4, 795.5, 827.0, 760.05, 761.0, 765.8, 793.67
765.8, 741.0, 769.9, 733.35, 740.3, 739.4, 746.5
739.4, 742.0, 755.7, 692.25, 704.0, 702.2, 725.64
702.2, 701.0, 708.9, 635.1, 656.0, 657.55, 662.94
657.55, 669.9, 681.25, 635.0, 636.5, 639.6, 658.56
639.6, 620.0, 626.0, 591.3, 618.05, 612.6, 607.07
612.6, 599.2, 618.85, 580.0, 589.0, 589.25, 598.64
589.25, 598.0, 631.4, 595.2, 606.9, 607.1, 612.29
607.1, 597.9, 604.4, 570.0, 588.0, 593.5, 588.72
593.5, 593.5, 614.9, 592.2, 596.0, 600.3, 603.49
600.3, 610.0, 639.8, 606.05, 621.0, 620.9, 627.89
620.9, 621.0, 634.75, 612.0, 632.0, 630.6, 628.23
630.6, 630.6, 659.0, 625.2, 631.0, 628.9, 644.63
628.9, 618.0, 654.0, 611.55, 652.0, 649.15, 639.65
649.15, 653.85, 660.9, 620.0, 622.0, 624.25, 640.91
624.25, 620.0, 620.0, 562.05, 581.0, 571.05, 582.26
571.05, 573.55, 590.0, 563.95, 571.05, 568.7, 575.63
568.7, 560.0, 563.0, 541.1, 547.65, 549.7, 550.13
549.7, 586.0, 586.0, 525.0, 525.1, 528.45, 543.5
528.45, 505.0, 513.85, 488.35, 499.05, 496.0, 500.4
496.0, 496.0, 510.1, 488.8, 491.95, 494.15, 498.5
494.15, 500.0, 505.0, 475.0, 476.0, 478.15, 485.27
478.15, 439.0, 509.95, 388.1, 479.7, 481.3, 441.59
481.3, 471.0, 472.0, 424.0, 435.0, 443.35, 445.73
443.35, 449.0, 459.9, 433.1, 452.0, 450.4, 448.43
450.4, 455.5, 494.0, 455.5, 467.0, 467.35, 474.46
467.35, 457.0, 478.9, 425.0, 458.1, 459.45, 464.14
459.45, 479.0, 551.35, 471.0, 551.35, 551.35, 523.82
551.35, 560.0, 602.95, 560.0, 566.1, 567.75, 583.34
567.75, 570.0, 580.0, 538.15, 545.0, 546.35, 559.59
546.35, 540.0, 572.0, 528.35, 532.0, 534.9, 550.89
534.9, 530.0, 531.0, 485.0, 486.0, 488.0, 508.06
488.0, 475.0, 506.0, 470.1, 477.5, 478.2, 486.23
478.2, 499.0, 505.0, 463.0, 480.0, 478.75, 482.28
478.75, 485.0, 493.4, 461.0, 465.0, 467.4, 471.97
467.4, 470.0, 488.8, 460.0, 473.0, 476.35, 476.69
476.35, 485.0, 525.9, 475.0, 514.9, 516.45, 510.21
516.45, 539.95, 568.8, 539.95, 552.1, 553.55, 553.42
553.55, 563.3, 593.0, 555.05, 581.8, 584.6, 580.67
584.6, 575.0, 610.9, 551.15, 586.0, 587.8, 591.07
587.8, 580.0, 606.95, 580.0, 587.0, 588.45, 595.04
588.45, 580.0, 617.0, 540.1, 554.95, 554.7, 581.47
554.7, 570.0, 585.0, 555.05, 567.0, 563.9, 567.72
563.9, 571.79, 585.0, 565.0, 576.0, 578.0, 576.71
578.0, 570.0, 584.0, 555.55, 577.0, 576.25, 572.83
576.25, 576.0, 597.9, 571.15, 583.1, 585.05, 587.47
585.05, 585.05, 600.0, 580.0, 589.0, 587.0, 589.17
587.0, 600.5, 605.4, 570.0, 578.0, 576.65, 590.66
576.65, 576.65, 590.0, 571.3, 572.0, 573.75, 580.39
573.75, 570.0, 590.7, 565.0, 581.0, 581.55, 578.5
581.55, 590.0, 602.0, 584.25, 589.25, 591.0, 593.69
591.0, 592.0, 633.5, 591.05, 626.5, 626.5, 619.52
626.5, 620.0, 637.0, 607.0, 614.15, 614.75, 621.61
614.75, 615.0, 618.95, 565.25, 576.0, 572.3, 587.39
572.3, 575.1, 588.8, 566.0, 576.3, 573.75, 577.92
573.75, 574.0, 579.4, 559.05, 574.0, 568.9, 568.41
568.9, 572.0, 584.0, 572.0, 580.6, 580.15, 579.32
580.15, 580.0, 581.0, 562.0, 562.95, 564.35, 569.0
564.35, 565.0, 579.5, 560.0, 579.5, 575.9, 570.46
575.9, 589.8, 596.3, 579.0, 580.35, 582.2, 587.34
582.2, 575.25, 578.0, 566.0, 567.5, 568.65, 570.06
568.65, 574.0, 576.5, 557.1, 559.0, 560.8, 568.19
560.8, 551.65, 574.9, 551.65, 560.0, 557.55, 563.66
557.55, 567.0, 581.0, 567.0, 576.5, 577.25, 573.68
577.25, 574.9, 595.0, 570.3, 592.7, 591.05, 587.76
591.05, 595.1, 604.8, 586.25, 589.0, 590.65, 597.3
590.65, 586.0, 591.0, 578.0, 583.65, 583.8, 584.67
583.8, 575.0, 584.7, 568.2, 571.8, 570.75, 576.59
570.75, 588.8, 594.0, 576.9, 581.4, 580.15, 586.6
580.15, 580.0, 585.8, 575.0, 579.2, 580.45, 579.92
580.45, 576.0, 602.0, 575.05, 589.05, 589.65, 590.74
589.65, 583.0, 596.8, 575.35, 576.0, 579.6, 586.25
579.6, 581.0, 584.95, 558.05, 560.5, 562.75, 572.28
562.75, 550.0, 555.0, 510.1, 545.0, 535.75, 525.78
535.75, 530.25, 544.5, 515.4, 539.0, 538.35, 530.65
538.35, 544.95, 545.8, 484.0, 488.0, 493.65, 512.59
493.65, 476.0, 476.0, 445.0, 452.0, 454.75, 455.56
454.75, 499.95, 499.95, 452.0, 456.0, 456.4, 461.0
456.4, 461.0, 477.65, 439.0, 441.5, 443.85, 457.11
443.85, 439.0, 454.9, 421.0, 443.5, 442.55, 445.4
442.55, 453.0, 453.0, 441.05, 446.4, 446.9, 446.11
446.9, 448.0, 449.0, 438.0, 438.0, 439.95, 441.18
439.95, 429.5, 441.9, 429.0, 429.0, 430.95, 433.46
430.95, 435.0, 445.0, 407.05, 419.1, 422.85, 418.1
422.85, 400.0, 436.0, 392.55, 434.0, 431.65, 417.78
431.65, 433.8, 440.0, 426.0, 434.0, 434.1, 434.79
434.1, 434.0, 439.85, 422.4, 432.0, 431.85, 432.12
431.85, 425.0, 433.0, 407.05, 408.0, 412.15, 423.51
412.15, 410.0, 472.0, 405.1, 415.0, 415.25, 433.85
415.25, 400.0, 409.95, 381.1, 393.0, 396.75, 397.74
396.75, 379.7, 388.0, 325.05, 344.7, 349.4, 355.44
349.4, 352.05, 387.5, 350.1, 380.1, 380.1, 375.57
380.1, 400.0, 412.0, 387.0, 400.0, 398.7, 401.89
398.7, 382.0, 393.0, 373.0, 381.95, 380.4, 381.6
380.4, 352.55, 407.4, 342.05, 405.0, 400.5, 382.98
400.5, 408.4, 408.4, 388.3, 401.0, 401.0, 400.57
401.0, 400.1, 415.5, 380.3, 415.0, 410.0, 400.1
410.0, 417.9, 440.0, 402.0, 437.0, 436.0, 426.2
436.0, 425.0, 434.0, 418.85, 419.5, 420.25, 423.39
420.25, 402.3, 415.0, 390.15, 407.95, 405.3, 407.69
405.3, 398.0, 404.7, 361.15, 368.0, 375.4, 383.77
375.4, 375.0, 377.9, 321.5, 337.0, 340.25, 346.48
340.25, 379.8, 379.8, 358.0, 363.0, 364.05, 364.02
364.05, 374.7, 378.0, 338.15, 347.0, 342.65, 358.66
342.65, 357.0, 365.0, 349.15, 354.0, 357.9, 357.74
357.9, 371.0, 373.0, 352.0, 354.8, 355.35, 359.79
355.35, 357.0, 357.0, 340.0, 345.95, 347.3, 347.03
347.3, 360.0, 368.9, 352.4, 354.5, 354.75, 360.03
354.75, 331.25, 358.5, 331.25, 348.0, 348.3, 350.29
348.3, 348.0, 351.0, 337.55, 343.0, 341.15, 343.43
341.15, 348.95, 352.9, 340.55, 342.9, 343.25, 346.88
343.25, 345.0, 360.0, 341.1, 346.0, 346.25, 351.7
346.25, 349.0, 349.0, 335.0, 339.75, 339.55, 339.96
339.55, 342.2, 351.0, 320.0, 322.0, 322.85, 330.72
322.85, 327.25, 336.8, 316.05, 328.35, 329.45, 328.04
329.45, 325.0, 327.8, 317.6, 325.0, 324.8, 322.8
324.8, 324.2, 331.85, 303.2, 307.0, 309.8, 320.11
309.8, 303.0, 303.0, 285.0, 288.65, 288.15, 292.34
288.15, 290.0, 293.9, 275.0, 287.0, 285.65, 284.55
285.65, 288.0, 290.0, 276.0, 277.0, 280.9, 283.33
280.9, 286.0, 289.9, 272.05, 275.0, 275.4, 281.85
275.4, 276.2, 279.7, 265.0, 268.25, 268.45, 269.25
268.45, 267.0, 267.0, 256.0, 257.75, 257.95, 259.71
257.95, 257.0, 275.0, 255.0, 264.5, 265.65, 268.33
265.65, 258.0, 262.55, 253.65, 262.5, 259.45, 259.3
259.45, 261.1, 269.95, 259.25, 262.5, 262.55, 264.22
262.55, 262.2, 272.0, 262.2, 270.55, 270.3, 268.59
270.3, 272.15, 281.7, 265.2, 268.0, 269.4, 274.93
269.4, 275.05, 282.0, 263.15, 265.3, 265.25, 272.6
265.25, 266.55, 283.9, 266.0, 283.0, 279.4, 276.59
279.4, 284.45, 296.45, 280.3, 285.0, 284.25, 288.68
284.25, 280.0, 288.9, 272.0, 281.4, 282.65, 281.61
282.65, 294.0, 301.9, 286.0, 293.95, 293.2, 296.01
293.2, 293.0, 327.9, 292.9, 327.0, 321.05, 313.5
321.05, 327.5, 346.1, 302.1, 308.5, 307.75, 328.78
307.75, 315.0, 319.7, 305.05, 316.0, 314.4, 313.2
314.4, 316.0, 327.2, 311.0, 321.0, 320.55, 320.6
320.55, 322.0, 326.0, 310.0, 311.5, 311.7, 318.93
311.7, 308.0, 318.8, 301.1, 313.0, 309.65, 308.44
309.65, 305.1, 318.0, 305.1, 311.85, 312.8, 313.03
312.8, 313.5, 316.95, 303.0, 304.0, 305.45, 309.74
305.45, 310.0, 319.0, 302.0, 318.0, 315.75, 310.81
315.75, 325.8, 335.0, 313.1, 318.85, 319.7, 320.47
319.7, 323.0, 329.7, 323.0, 325.05, 325.3, 325.79
325.3, 328.0, 336.9, 325.35, 333.0, 333.8, 331.84
333.8, 336.5, 344.7, 329.0, 331.95, 331.25, 337.16
331.25, 335.3, 395.0, 333.0, 394.0, 390.4, 377.61
390.4, 397.0, 408.9, 380.25, 395.2, 395.2, 397.69
395.2, 400.0, 406.9, 347.1, 353.0, 352.05, 386.79
352.05, 345.65, 364.0, 318.05, 342.0, 338.0, 337.95
338.0, 343.0, 382.3, 343.0, 364.2, 369.85, 370.89
369.85, 373.0, 374.0, 328.6, 360.2, 349.75, 350.52
349.75, 365.0, 389.5, 361.35, 389.0, 384.75, 377.01
384.75, 380.0, 380.0, 361.0, 374.0, 373.1, 370.99
373.1, 375.0, 385.0, 367.0, 373.0, 375.45, 377.19
375.45, 379.7, 379.7, 360.1, 361.0, 362.7, 368.47
362.7, 360.0, 382.5, 352.0, 375.55, 375.05, 374.07
375.05, 370.0, 375.0, 353.15, 354.55, 356.55, 365.92
356.55, 364.0, 371.7, 354.1, 368.25, 369.1, 365.08
369.1, 369.1, 372.9, 359.1, 362.25, 363.9, 362.75
363.9, 370.0, 380.0, 368.0, 378.0, 375.7, 374.85
375.7, 381.0, 396.7, 378.0, 395.1, 394.55, 388.13
394.55, 400.0, 402.0, 380.0, 381.0, 381.45, 387.47
381.45, 376.5, 403.0, 376.5, 384.7, 386.15, 391.93
386.15, 389.9, 402.0, 383.0, 391.0, 389.6, 393.33
389.6, 392.0, 396.9, 380.0, 380.0, 380.6, 384.62
380.6, 385.0, 388.95, 367.0, 369.55, 368.55, 376.56
368.55, 372.0, 372.0, 363.1, 369.2, 367.9, 368.69
367.9, 372.0, 379.5, 370.0, 375.0, 375.2, 375.43
375.2, 375.55, 387.5, 375.35, 387.0, 385.5, 383.65
385.5, 386.0, 403.0, 374.0, 375.0, 376.45, 388.16
376.45, 374.0, 378.0, 365.0, 371.8, 371.6, 372.54
371.6, 371.2, 379.7, 366.0, 368.65, 367.4, 372.11
367.4, 373.0, 378.0, 366.55, 369.4, 368.3, 372.41
368.3, 372.7, 372.7, 356.75, 358.05, 358.55, 364.38
358.55, 355.0, 357.0, 344.0, 346.95, 345.95, 350.2
345.95, 340.0, 346.7, 333.0, 335.5, 334.15, 338.23
334.15, 334.0, 356.7, 332.0, 355.0, 352.0, 349.33
352.0, 348.0, 361.5, 347.0, 350.25, 351.25, 354.76
351.25, 341.55, 359.0, 341.55, 346.4, 346.2, 350.42
346.2, 352.0, 354.0, 343.0, 348.0, 345.25, 346.71
345.25, 343.8, 348.8, 340.0, 346.0, 345.1, 344.85
345.1, 341.25, 346.6, 337.3, 340.0, 341.65, 342.14
341.65, 333.3, 339.45, 307.0, 311.0, 316.35, 330.13
316.35, 301.2, 316.65, 301.2, 307.8, 306.6, 310.97
306.6, 305.15, 319.0, 291.25, 314.2, 314.0, 310.07
314.0, 303.2, 319.9, 300.5, 312.0, 310.8, 309.69
310.8, 301.5, 312.25, 301.5, 309.3, 309.8, 309.19
309.8, 305.4, 313.4, 295.0, 295.85, 297.9, 304.43
297.9, 302.85, 304.5, 294.25, 296.4, 297.9, 299.75
297.9, 301.0, 314.4, 301.0, 313.3, 311.7, 308.21
311.7, 313.0, 316.4, 308.1, 312.2, 312.2, 313.04
312.2, 313.0, 326.0, 308.5, 310.8, 310.35, 318.69
310.35, 313.0, 332.0, 313.0, 328.8, 326.6, 325.83
326.6, 328.0, 334.4, 311.0, 311.5, 312.65, 319.62
312.65, 306.35, 321.9, 306.35, 314.95, 314.3, 317.1
314.3, 315.0, 325.9, 315.0, 322.5, 322.15, 322.59
322.15, 325.0, 331.0, 313.0, 315.5, 314.3, 323.76
314.3, 315.0, 325.95, 314.0, 324.6, 324.2, 321.11
324.2, 325.0, 332.75, 317.65, 320.55, 321.6, 324.61
321.6, 290.0, 326.85, 290.0, 308.0, 308.15, 295.62
308.15, 321.0, 326.5, 303.1, 317.65, 318.1, 319.89
318.1, 319.1, 328.0, 318.25, 323.5, 323.3, 323.72
323.3, 323.3, 346.75, 323.3, 339.0, 340.8, 336.6
340.8, 349.9, 355.0, 342.25, 347.0, 347.25, 348.02
347.25, 355.0, 391.05, 350.1, 385.0, 385.15, 369.7
385.15, 373.4, 373.4, 358.6, 365.0, 365.65, 365.48
365.65, 374.4, 388.9, 370.1, 378.5, 378.3, 381.5
378.3, 385.0, 389.9, 375.35, 379.8, 380.1, 381.75
380.1, 375.0, 408.95, 368.05, 401.1, 399.7, 393.96
399.7, 385.3, 415.15, 370.25, 378.1, 380.2, 392.61
380.2, 385.0, 403.0, 374.0, 377.7, 377.0, 390.16
377.0, 379.0, 389.0, 376.0, 379.5, 378.8, 382.49
378.8, 373.0, 383.4, 370.0, 380.9, 379.6, 378.77
379.6, 382.45, 400.0, 381.25, 387.25, 386.8, 390.38
386.8, 394.7, 401.9, 375.0, 391.3, 391.55, 391.11
391.55, 392.2, 419.7, 391.0, 401.0, 403.5, 408.99
403.5, 402.65, 411.9, 387.5, 390.0, 389.7, 400.68
389.7, 392.0, 395.3, 365.55, 368.75, 369.5, 381.2
369.5, 375.0, 392.1, 373.5, 389.0, 388.75, 384.29
388.75, 392.0, 408.9, 391.35, 405.1, 405.3, 403.1
405.3, 402.0, 427.8, 402.0, 409.9, 410.55, 416.57
410.55, 413.8, 422.1, 396.2, 402.95, 401.35, 412.02
401.35, 401.0, 414.5, 401.0, 413.8, 411.95, 409.47
411.95, 408.0, 428.4, 406.25, 415.0, 413.2, 416.58
413.2, 417.0, 423.0, 398.0, 404.0, 403.45, 411.05
403.45, 405.0, 412.25, 391.2, 412.0, 408.15, 401.97
408.15, 401.3, 451.6, 401.3, 438.1, 438.6, 433.39
438.6, 401.0, 467.0, 362.25, 460.85, 461.95, 453.51
461.95, 464.2, 485.5, 464.2, 466.6, 471.75, 475.75
471.75, 499.9, 566.0, 499.9, 530.0, 523.35, 545.76
523.35, 600.0, 600.0, 451.25, 532.5, 528.75, 543.48
528.75, 537.9, 570.7, 527.0, 535.0, 536.5, 549.92
536.5, 532.0, 576.2, 532.0, 558.0, 559.1, 562.34
559.1, 559.1, 567.75, 540.0, 545.05, 546.3, 551.17
546.3, 551.2, 615.7, 550.0, 603.0, 599.8, 591.6
599.8, 607.4, 626.85, 571.25, 575.0, 576.25, 591.69
576.25, 591.1, 598.0, 583.35, 589.15, 589.7, 590.74
589.7, 594.4, 594.9, 581.5, 587.0, 588.5, 588.59
588.5, 591.0, 649.0, 591.0, 616.25, 611.2, 621.19
611.2, 624.5, 659.0, 620.1, 657.7, 651.15, 638.92
651.15, 662.0, 663.8, 612.55, 628.8, 629.0, 632.1
629.0, 635.0, 648.2, 581.0, 602.0, 600.95, 615.23
600.95, 597.0, 624.0, 590.5, 620.85, 620.25, 615.55
620.25, 630.0, 638.0, 621.0, 627.0, 626.65, 627.87
626.65, 631.9, 644.9, 607.0, 623.5, 622.25, 631.06
622.25, 621.1, 684.5, 610.0, 684.5, 680.2, 653.27
680.2, 697.7, 703.0, 656.25, 684.15, 687.4, 684.06
687.4, 687.4, 689.7, 655.0, 673.0, 674.8, 672.98
674.8, 676.0, 705.0, 655.1, 666.0, 665.6, 686.12
665.6, 663.5, 669.0, 627.0, 632.0, 630.3, 644.51
630.3, 616.0, 645.0, 614.0, 633.6, 633.55, 633.29
633.55, 647.0, 660.0, 610.0, 616.0, 613.75, 628.99
613.75, 620.0, 635.0, 607.0, 619.95, 617.7, 621.55
617.7, 623.95, 634.85, 611.1, 616.0, 619.2, 619.21
619.2, 624.9, 624.9, 610.05, 618.05, 617.85, 618.09
617.85, 602.3, 613.05, 570.55, 597.0, 600.85, 594.18
600.85, 605.0, 623.0, 602.1, 611.0, 612.55, 613.59
612.55, 619.9, 632.0, 608.0, 611.0, 611.4, 620.88
611.4, 616.0, 628.5, 613.8, 615.9, 614.95, 618.54
614.95, 621.95, 648.9, 620.0, 634.5, 634.8, 638.62
634.8, 639.85, 644.4, 597.65, 611.0, 604.1, 617.85
604.1, 610.0, 620.0, 590.0, 608.0, 607.8, 608.13
607.8, 613.85, 614.5, 585.05, 587.0, 589.25, 596.38
589.25, 589.0, 594.6, 576.35, 583.5, 585.85, 585.76
585.85, 596.0, 599.7, 533.05, 537.05, 539.85, 571.93
539.85, 547.0, 554.75, 520.0, 521.3, 521.05, 528.34
521.05, 517.5, 517.5, 491.05, 503.4, 505.75, 505.23
505.75, 512.35, 514.9, 491.25, 496.45, 494.8, 501.38
494.8, 498.5, 526.8, 497.45, 515.0, 516.1, 516.78
516.1, 510.0, 515.0, 499.7, 504.95, 506.0, 505.82
506.0, 515.0, 539.7, 510.0, 525.35, 525.1, 525.87
525.1, 531.0, 547.8, 529.1, 539.9, 540.15, 539.79
540.15, 550.0, 551.0, 525.0, 531.9, 528.9, 537.23
528.9, 535.0, 549.0, 534.1, 542.5, 543.55, 543.06
543.55, 547.0, 559.9, 546.0, 552.0, 551.75, 554.28
551.75, 550.0, 557.45, 542.05, 552.2, 553.3, 552.85
553.3, 556.5, 570.9, 550.05, 557.35, 555.95, 560.34
555.95, 565.0, 567.9, 554.2, 556.5, 557.25, 560.99
557.25, 565.0, 566.0, 555.55, 557.5, 558.45, 561.02
558.45, 562.9, 564.0, 548.0, 559.5, 559.1, 558.85
559.1, 560.0, 578.0, 553.55, 561.0, 561.05, 567.62
561.05, 560.0, 561.1, 538.05, 545.0, 545.85, 551.05
545.85, 545.0, 570.0, 542.1, 556.0, 557.05, 555.46
557.05, 574.4, 614.7, 561.35, 598.0, 601.35, 592.6
601.35, 599.4, 624.0, 592.0, 598.0, 600.75, 610.75
600.75, 604.0, 618.0, 595.3, 597.2, 600.4, 606.21
600.4, 601.0, 607.7, 593.2, 596.15, 597.25, 599.67
597.25, 599.9, 599.9, 568.0, 568.65, 571.3, 584.03
571.3, 568.0, 575.0, 535.5, 541.0, 540.35, 551.26
540.35, 552.0, 568.0, 541.15, 560.45, 561.45, 558.06
561.45, 562.0, 569.0, 544.0, 548.0, 547.55, 557.89
547.55, 549.9, 552.0, 538.5, 545.55, 544.55, 544.39
544.55, 550.0, 562.0, 547.0, 556.0, 553.65, 554.27
553.65, 558.0, 567.0, 546.9, 549.0, 552.4, 558.18
552.4, 541.65, 548.0, 540.0, 540.25, 541.95, 542.33
541.95, 540.0, 544.0, 527.0, 535.0, 535.3, 537.49
535.3, 538.5, 556.8, 528.0, 530.0, 530.15, 538.65
530.15, 536.0, 543.0, 530.0, 530.0, 530.25, 533.14
530.25, 530.0, 533.2, 522.0, 527.0, 528.8, 529.42
528.8, 532.85, 545.0, 530.5, 538.0, 537.75, 538.33
537.75, 537.05, 552.7, 535.15, 542.0, 542.45, 544.33
542.45, 543.8, 564.0, 543.8, 553.0, 552.95, 556.2
552.95, 554.9, 598.95, 552.95, 585.6, 584.7, 582.44
584.7, 588.4, 589.0, 563.0, 571.75, 569.2, 575.15
569.2, 565.5, 586.2, 555.1, 556.0, 557.5, 569.29
557.5, 563.85, 568.7, 532.1, 536.15, 535.55, 550.39
535.55, 535.55, 543.0, 523.25, 527.05, 526.05, 531.66
526.05, 534.4, 551.9, 533.1, 549.0, 546.15, 543.97
546.15, 548.8, 554.0, 537.6, 553.0, 550.2, 546.26
550.2, 555.0, 572.0, 551.0, 567.8, 567.95, 563.59
567.95, 569.95, 573.9, 541.1, 545.0, 544.55, 552.39
544.55, 553.0, 553.9, 535.4, 540.5, 540.15, 543.33
540.15, 548.0, 552.0, 537.8, 537.8, 540.35, 545.29
540.35, 542.0, 545.0, 531.2, 534.0, 534.0, 538.52
534.0, 538.0, 539.85, 525.0, 534.1, 535.2, 533.34
535.2, 537.0, 549.8, 536.05, 547.1, 547.25, 543.88
547.25, 550.25, 554.0, 535.0, 539.95, 539.95, 542.57
539.95, 541.0, 547.9, 532.0, 532.55, 534.95, 539.42
534.95, 534.0, 545.35, 533.15, 534.05, 535.25, 537.78
535.25, 539.75, 557.05, 533.0, 544.0, 542.65, 548.22
542.65, 539.1, 549.7, 535.0, 538.0, 537.5, 543.63
537.5, 534.9, 538.0, 527.9, 533.0, 531.7, 531.74
531.7, 526.0, 545.7, 525.0, 525.5, 528.45, 534.76
528.45, 528.0, 534.8, 524.2, 525.0, 526.0, 528.96
526.0, 526.0, 533.95, 516.25, 521.3, 519.85, 526.61
519.85, 521.8, 533.0, 521.2, 529.0, 525.55, 526.74
525.55, 526.9, 531.9, 514.05, 514.9, 514.8, 520.16
514.8, 525.0, 525.0, 500.0, 512.0, 510.95, 508.78
510.95, 514.95, 519.0, 508.0, 509.0, 510.5, 514.85
510.5, 514.2, 531.0, 507.9, 524.45, 525.2, 524.43
525.2, 527.0, 545.0, 527.0, 538.1, 538.1, 538.37
538.1, 541.65, 547.1, 534.2, 537.5, 537.7, 540.78
537.7, 540.0, 556.1, 538.0, 555.0, 551.85, 548.16
551.85, 559.8, 563.45, 552.0, 556.0, 555.7, 556.9
555.7, 559.8, 564.0, 547.45, 554.0, 555.05, 555.09
555.05, 559.8, 559.8, 547.15, 548.5, 549.4, 551.66
549.4, 552.0, 554.9, 540.65, 550.9, 547.35, 547.27
547.35, 546.35, 554.0, 537.5, 538.5, 540.5, 546.05
540.5, 538.0, 539.1, 521.2, 524.0, 525.15, 531.02
525.15, 534.9, 534.9, 518.0, 521.05, 519.65, 525.08
519.65, 523.95, 530.0, 512.0, 527.0, 526.6, 523.92
526.6, 522.0, 531.0, 506.0, 508.95, 508.45, 518.89
508.45, 502.0, 518.9, 502.0, 515.1, 514.3, 512.46
514.3, 507.9, 516.6, 505.0, 507.0, 508.15, 510.6
508.15, 513.0, 528.95, 467.15, 502.2, 500.15, 501.34
500.15, 500.0, 500.0, 474.0, 480.0, 481.4, 484.64
481.4, 494.5, 494.9, 482.2, 492.7, 491.7, 488.77
491.7, 490.9, 534.5, 488.25, 528.7, 529.15, 520.44
529.15, 534.35, 534.7, 521.2, 527.0, 525.35, 527.18
525.35, 528.7, 548.5, 522.85, 537.0, 535.5, 538.1
535.5, 540.0, 542.8, 516.9, 520.65, 518.95, 527.29
518.95, 520.0, 532.85, 520.0, 530.5, 528.95, 527.68
528.95, 528.0, 552.0, 528.0, 541.0, 541.8, 544.18
541.8, 544.25, 548.9, 535.35, 542.4, 542.85, 543.76
542.85, 545.0, 554.65, 539.0, 546.0, 545.2, 548.34
545.2, 569.7, 569.7, 528.1, 530.0, 530.0, 534.72
530.0, 529.0, 546.85, 527.25, 535.25, 534.3, 540.89
534.3, 534.3, 544.0, 533.35, 538.5, 539.15, 538.86
539.15, 535.0, 544.8, 531.0, 539.0, 535.35, 536.5
535.35, 540.0, 554.2, 540.0, 552.0, 551.6, 547.14
551.6, 554.0, 555.0, 544.0, 548.0, 548.7, 550.98
548.7, 550.0, 561.0, 540.0, 550.5, 547.8, 552.83
547.8, 550.0, 553.0, 544.0, 548.0, 547.15, 548.84
547.15, 540.4, 542.8, 526.0, 527.0, 531.05, 530.44
531.05, 535.0, 545.0, 535.0, 543.85, 542.85, 541.74
542.85, 541.0, 559.0, 537.0, 558.0, 556.8, 553.16
556.8, 559.0, 574.0, 556.1, 568.55, 569.45, 567.49
569.45, 573.0, 577.4, 567.05, 571.35, 572.65, 572.96
572.65, 571.4, 584.8, 565.1, 566.0, 567.05, 574.01
567.05, 569.95, 577.0, 555.0, 556.0, 556.6, 563.82
556.6, 559.6, 575.8, 553.3, 574.7, 573.75, 566.44
573.75, 567.5, 583.0, 557.15, 559.3, 559.95, 571.36
559.95, 560.1, 569.0, 560.0, 565.0, 563.25, 564.8
563.25, 565.0, 573.9, 558.2, 569.0, 568.55, 567.8
568.55, 564.1, 575.0, 554.0, 569.8, 566.05, 567.19
566.05, 566.05, 571.8, 555.95, 556.05, 558.75, 564.5
558.75, 560.0, 562.7, 548.5, 552.0, 552.5, 552.98
552.5, 553.0, 555.5, 544.1, 548.0, 548.65, 548.98
548.65, 549.2, 550.0, 541.0, 544.15, 543.05, 547.92
543.05, 541.0, 563.25, 539.15, 547.0, 544.5, 548.86
544.5, 547.65, 557.85, 538.0, 539.4, 540.0, 546.35
540.0, 540.0, 548.2, 538.5, 544.1, 543.15, 543.65
543.15, 547.45, 561.0, 543.2, 560.0, 556.95, 552.48
556.95, 560.0, 563.9, 547.0, 555.0, 551.95, 551.57
551.95, 557.0, 559.4, 548.0, 548.65, 549.95, 554.4
549.95, 540.4, 564.5, 540.4, 553.15, 553.45, 558.48
553.45, 555.0, 562.8, 553.5, 555.95, 556.75, 556.24
556.75, 559.8, 583.5, 559.0, 575.5, 575.95, 575.69
575.95, 579.0, 610.0, 565.35, 606.6, 604.5, 597.16
604.5, 607.45, 616.05, 595.0, 595.0, 597.35, 605.62
597.35, 597.0, 608.5, 593.2, 599.0, 596.65, 601.26
596.65, 603.0, 634.9, 598.0, 620.5, 616.95, 619.58
616.95, 622.0, 642.0, 616.35, 623.6, 626.2, 631.69
626.2, 615.25, 654.85, 525.0, 653.1, 649.85, 640.78
649.85, 657.4, 662.75, 636.25, 636.55, 639.2, 648.78
639.2, 643.0, 652.0, 635.35, 649.25, 649.05, 646.55
649.05, 641.55, 658.0, 641.55, 649.6, 649.05, 652.26
649.05, 652.0, 653.8, 630.0, 632.0, 632.3, 639.88
632.3, 635.4, 645.0, 620.6, 621.1, 623.65, 631.13
623.65, 621.5, 644.9, 613.0, 624.0, 623.4, 632.43
623.4, 611.1, 622.0, 588.0, 617.0, 615.4, 610.61
615.4, 619.0, 620.0, 598.5, 600.5, 601.35, 607.67
601.35, 601.8, 613.7, 580.1, 587.9, 585.35, 595.84
585.35, 595.15, 602.5, 575.0, 586.0, 586.2, 586.3
586.2, 581.0, 604.05, 575.0, 599.4, 595.2, 588.55
595.2, 595.0, 617.2, 590.1, 614.5, 614.0, 606.89
614.0, 622.0, 632.0, 615.2, 626.0, 625.2, 624.94
625.2, 632.0, 654.8, 625.0, 652.0, 652.25, 643.94
652.25, 645.25, 657.75, 635.55, 647.0, 646.7, 648.62
646.7, 615.55, 644.9, 612.5, 644.0, 635.15, 625.62
635.15, 640.0, 648.8, 635.0, 645.05, 645.95, 644.41
645.95, 650.0, 652.95, 639.0, 650.0, 649.1, 646.66
649.1, 649.0, 649.0, 636.0, 640.0, 639.95, 640.83
639.95, 639.0, 648.1, 637.5, 640.5, 640.3, 642.69
640.3, 642.0, 644.8, 635.0, 640.0, 639.95, 639.63
639.95, 629.0, 652.0, 629.0, 638.0, 637.4, 642.14
637.4, 641.4, 641.4, 633.5, 634.35, 635.2, 636.06
635.2, 656.0, 696.75, 641.5, 676.3, 682.1, 670.16
682.1, 650.0, 689.0, 650.0, 668.0, 668.15, 673.73
668.15, 664.0, 679.9, 650.5, 655.0, 655.3, 661.73
655.3, 659.9, 666.7, 643.4, 645.0, 648.05, 651.37
648.05, 643.0, 656.2, 643.0, 646.95, 649.05, 650.66
649.05, 646.0, 655.5, 636.0, 640.0, 639.7, 644.19
639.7, 642.15, 672.7, 642.15, 669.7, 667.75, 663.37
667.75, 670.0, 681.0, 661.1, 673.8, 673.85, 673.76
673.85, 670.0, 692.9, 663.5, 692.0, 687.6, 678.72
687.6, 688.0, 723.85, 674.0, 714.55, 714.6, 710.11
714.6, 714.0, 721.65, 707.5, 714.0, 714.95, 714.5
714.95, 719.7, 737.0, 712.1, 715.55, 716.9, 720.57
716.9, 713.9, 736.5, 713.9, 732.1, 733.5, 729.26
733.5, 733.5, 736.0, 712.0, 715.0, 715.4, 720.17
715.4, 716.0, 718.65, 698.0, 715.0, 710.05, 706.29
710.05, 709.8, 713.9, 686.5, 693.0, 693.0, 696.03
693.0, 697.3, 706.5, 682.3, 704.6, 699.3, 691.39
699.3, 700.0, 709.5, 697.0, 700.0, 701.55, 702.07
701.55, 714.0, 728.0, 690.0, 716.05, 720.45, 712.34
720.45, 723.4, 726.7, 711.65, 717.5, 715.5, 718.53
715.5, 690.1, 724.9, 690.1, 713.0, 712.85, 712.86
712.85, 712.05, 730.0, 710.1, 729.0, 728.7, 721.28
728.7, 724.0, 741.8, 714.0, 727.0, 726.95, 732.08
726.95, 730.25, 736.0, 720.1, 726.0, 726.4, 725.08
726.4, 727.0, 739.8, 723.75, 737.9, 736.7, 735.17
736.7, 735.7, 748.8, 730.1, 742.05, 741.0, 741.15
741.0, 748.1, 787.0, 738.5, 771.4, 774.7, 766.66
774.7, 779.9, 799.8, 766.15, 786.25, 786.6, 783.69
786.6, 789.0, 799.0, 785.0, 788.1, 789.6, 791.15
789.6, 784.6, 806.0, 736.0, 755.1, 751.45, 742.9
751.45, 760.0, 764.7, 745.0, 752.0, 750.95, 754.96
750.95, 756.0, 756.15, 739.15, 742.0, 741.1, 746.23
741.1, 749.3, 749.3, 738.1, 742.1, 742.45, 742.76
742.45, 736.4, 753.4, 735.0, 742.0, 741.5, 743.5
741.5, 745.0, 751.0, 740.75, 742.75, 742.7, 743.88
742.7, 745.0, 749.9, 735.4, 749.5, 747.4, 745.07
747.4, 753.7, 765.0, 745.25, 763.15, 758.25, 753.3
758.25, 761.6, 768.9, 746.5, 750.0, 748.8, 756.6
748.8, 750.1, 751.5, 742.0, 749.6, 749.15, 746.25
749.15, 740.0, 747.35, 733.2, 745.75, 745.25, 740.92
745.25, 740.0, 758.9, 740.0, 758.0, 756.1, 750.83
756.1, 758.0, 777.0, 742.5, 773.0, 773.9, 766.51
773.9, 777.0, 786.5, 771.0, 780.95, 782.9, 781.17
782.9, 786.0, 786.25, 773.55, 784.0, 784.35, 782.02
784.35, 789.4, 789.4, 759.3, 762.0, 762.95, 767.21
762.95, 765.0, 765.0, 752.25, 754.75, 755.85, 756.36
755.85, 749.0, 752.0, 741.5, 744.75, 744.95, 746.52
744.95, 737.3, 749.95, 736.9, 742.1, 741.15, 741.45
741.15, 742.2, 749.9, 734.35, 738.95, 739.0, 739.93
739.0, 739.25, 739.25, 725.15, 729.0, 728.9, 729.45
728.9, 735.0, 735.0, 708.1, 710.0, 711.8, 718.97
711.8, 702.0, 712.45, 685.0, 696.0, 695.7, 696.25
695.7, 700.0, 700.0, 678.15, 681.05, 682.6, 686.96
682.6, 681.1, 681.1, 645.0, 655.0, 652.3, 655.66
652.3, 655.05, 699.7, 655.05, 696.0, 692.55, 683.8
692.55, 693.1, 716.9, 688.1, 698.25, 702.3, 706.51
702.3, 705.0, 728.0, 693.3, 719.75, 723.35, 711.77
723.35, 726.9, 759.9, 726.5, 742.0, 744.2, 747.42
744.2, 740.1, 751.65, 707.3, 715.55, 712.05, 726.28
712.05, 714.0, 727.8, 697.05, 699.8, 701.45, 711.32
701.45, 690.0, 710.0, 676.4, 683.0, 683.0, 685.61
683.0, 674.0, 675.9, 650.0, 650.7, 654.2, 661.38
654.2, 660.0, 669.9, 645.0, 650.0, 649.25, 653.41
649.25, 639.9, 675.35, 625.2, 675.0, 671.05, 657.99
671.05, 677.0, 690.4, 670.0, 670.0, 677.0, 683.47
677.0, 677.0, 677.0, 634.55, 644.0, 643.25, 657.26
643.25, 650.0, 677.0, 649.1, 676.0, 673.25, 665.32
673.25, 676.0, 679.95, 664.3, 668.0, 669.8, 672.48
669.8, 677.95, 685.0, 670.0, 672.0, 672.1, 677.29
672.1, 672.0, 698.85, 665.5, 695.75, 696.45, 691.89
696.45, 697.0, 697.0, 668.1, 678.05, 676.75, 682.71
676.75, 684.6, 685.0, 658.65, 666.1, 665.45, 669.52
665.45, 679.0, 690.0, 671.0, 688.0, 686.2, 682.66
686.2, 688.0, 699.7, 681.15, 685.2, 689.7, 693.98
689.7, 675.0, 675.0, 650.0, 661.8, 661.45, 665.13
661.45, 665.0, 674.0, 658.25, 662.5, 663.05, 666.65
663.05, 663.05, 673.5, 652.0, 666.5, 667.0, 667.42
667.0, 663.45, 683.95, 663.45, 682.0, 682.1, 677.75
682.1, 685.15, 691.8, 678.5, 683.0, 683.45, 684.76
683.45, 685.0, 697.0, 679.25, 690.0, 690.8, 691.14
690.8, 695.0, 705.8, 679.1, 701.0, 702.8, 698.54
702.8, 705.0, 719.8, 702.8, 705.35, 708.35, 711.53
708.35, 708.0, 716.0, 708.0, 714.5, 714.4, 713.47
714.4, 715.0, 721.85, 712.25, 714.95, 714.35, 717.33
714.35, 716.5, 721.9, 715.55, 719.0, 717.95, 718.33
717.95, 717.95, 728.8, 713.0, 713.0, 716.1, 722.35
716.1, 707.0, 726.5, 707.0, 725.9, 724.0, 723.49
724.0, 725.15, 727.6, 705.1, 708.5, 709.75, 717.02
709.75, 705.0, 713.5, 696.0, 697.05, 699.15, 703.9
699.15, 697.3, 719.7, 697.3, 712.55, 715.5, 714.37
715.5, 721.9, 724.9, 715.15, 719.6, 721.3, 719.31
721.3, 685.3, 741.5, 685.3, 738.0, 738.5, 734.11
738.5, 738.0, 740.0, 725.0, 727.9, 729.65, 731.44
729.65, 730.0, 734.7, 711.0, 712.0, 714.95, 721.67
714.95, 712.0, 736.85, 710.0, 733.5, 733.05, 730.73
733.05, 728.0, 734.5, 716.2, 724.0, 720.65, 722.59
720.65, 721.0, 734.0, 721.0, 722.0, 725.9, 729.42
725.9, 733.9, 734.7, 714.2, 724.9, 723.55, 725.08
723.55, 723.6, 734.75, 719.0, 723.5, 724.05, 723.17
724.05, 732.0, 748.9, 725.0, 744.0, 742.2, 740.31
742.2, 749.4, 761.95, 746.1, 756.0, 758.8, 755.95
758.8, 761.05, 764.9, 744.2, 749.0, 749.6, 753.22
749.6, 721.4, 755.55, 719.0, 745.5, 746.75, 748.92
746.75, 750.0, 759.75, 750.0, 755.0, 754.8, 755.95
754.8, 750.0, 765.85, 742.0, 744.0, 747.15, 756.73
747.15, 749.0, 757.7, 727.65, 729.75, 732.1, 742.03
732.1, 738.0, 741.0, 729.45, 730.25, 730.7, 734.87
730.7, 730.0, 735.7, 717.2, 724.0, 725.55, 723.7
725.55, 726.5, 734.85, 723.25, 727.85, 725.9, 728.86
725.9, 727.6, 732.0, 721.0, 726.0, 726.6, 727.34
726.6, 730.0, 732.0, 721.5, 725.2, 725.4, 725.89
725.4, 731.0, 731.0, 720.5, 721.5, 724.55, 726.36
724.55, 719.0, 727.0, 718.0, 724.8, 721.25, 722.82
721.25, 727.2, 738.6, 718.6, 724.0, 724.15, 729.55
724.15, 734.0, 744.0, 726.65, 741.3, 738.3, 737.49
738.3, 746.15, 751.5, 742.0, 744.0, 743.8, 746.18
743.8, 748.9, 764.0, 747.0, 752.0, 754.35, 756.33
754.35, 755.0, 780.0, 754.35, 773.5, 773.1, 771.21
773.1, 775.0, 789.7, 773.0, 787.0, 784.95, 783.11
784.95, 790.0, 797.35, 785.0, 792.0, 791.5, 791.92
791.5, 790.3, 824.15, 790.3, 818.5, 816.9, 813.74
816.9, 818.0, 822.0, 792.0, 795.2, 797.7, 807.32
797.7, 790.5, 806.2, 776.0, 797.0, 798.25, 798.44
798.25, 798.0, 829.9, 791.2, 796.0, 797.85, 808.8
797.85, 806.0, 806.7, 785.0, 790.0, 793.65, 796.21
793.65, 797.0, 802.0, 785.2, 794.85, 790.5, 794.43
790.5, 791.0, 794.7, 784.25, 786.1, 788.1, 790.96
788.1, 794.25, 811.0, 786.0, 800.0, 799.15, 798.41
799.15, 801.9, 805.0, 796.1, 802.45, 801.85, 800.17
801.85, 802.0, 829.0, 802.0, 813.05, 815.0, 819.95
815.0, 817.0, 825.0, 797.1, 798.0, 798.7, 810.21
798.7, 797.8, 806.0, 787.95, 796.95, 795.65, 795.27
795.65, 800.0, 803.0, 792.05, 794.0, 793.95, 795.08
793.95, 797.0, 799.7, 758.55, 768.0, 768.4, 777.43
768.4, 779.8, 810.0, 760.1, 769.0, 765.2, 768.96
765.2, 760.0, 771.9, 752.2, 767.5, 768.65, 761.36
768.65, 770.0, 783.2, 770.0, 776.5, 776.7, 775.82
776.7, 780.0, 788.1, 758.7, 761.85, 762.95, 772.92
762.95, 764.2, 772.0, 762.35, 765.65, 765.05, 767.25
765.05, 768.1, 794.0, 768.1, 790.0, 788.8, 784.28
788.8, 790.0, 795.55, 775.0, 776.6, 777.2, 784.43
777.2, 780.05, 794.0, 774.35, 790.0, 790.35, 783.71
790.35, 784.9, 800.0, 784.9, 789.95, 790.0, 792.24
790.0, 800.0, 803.9, 784.0, 800.0, 800.7, 796.93
800.7, 805.0, 819.0, 802.05, 805.0, 805.55, 810.01
805.55, 803.0, 817.0, 803.0, 811.6, 810.95, 811.97
810.95, 808.55, 813.9, 782.0, 790.05, 787.65, 795.96
787.65, 792.0, 834.4, 792.0, 833.0, 825.15, 813.07
825.15, 828.0, 857.4, 828.0, 847.9, 848.1, 848.21
848.1, 849.0, 856.5, 835.0, 842.05, 843.4, 843.5
843.4, 846.6, 850.1, 831.0, 839.85, 837.0, 839.84
837.0, 170.55, 170.55, 163.25, 166.0, 165.6, 167.86
165.6, 166.7, 166.9, 158.9, 163.35, 162.85, 162.28
162.85, 164.0, 168.5, 163.65, 166.85, 166.9, 166.78
166.9, 167.9, 172.45, 165.65, 172.3, 170.8, 168.8
170.8, 172.0, 173.3, 167.55, 168.45, 168.3, 168.92
168.3, 170.0, 170.0, 162.25, 167.4, 167.65, 165.8
167.65, 167.7, 170.0, 165.6, 167.65, 167.05, 167.44
167.05, 167.6, 170.2, 166.35, 167.5, 166.9, 167.3
166.9, 167.4, 171.6, 164.95, 170.75, 170.1, 169.25
170.1, 172.25, 181.55, 171.25, 179.6, 179.9, 178.3
179.9, 182.9, 185.25, 180.0, 181.5, 181.05, 182.86
181.05, 183.05, 184.5, 180.4, 181.95, 181.5, 181.82
181.5, 182.0, 183.6, 179.5, 180.2, 180.5, 181.36
180.5, 180.5, 181.65, 175.0, 176.35, 176.35, 176.77
176.35, 176.35, 178.0, 171.6, 172.0, 171.95, 173.34
171.95, 173.1, 174.35, 166.05, 166.95, 166.9, 169.13
166.9, 167.25, 169.8, 160.6, 162.5, 161.9, 165.65
161.9, 163.4, 163.4, 157.0, 159.6, 158.95, 159.08
158.95, 161.8, 167.9, 159.55, 165.2, 165.55, 164.55
165.55, 165.55, 166.95, 164.0, 164.8, 164.75, 165.25
164.75, 165.9, 174.7, 165.1, 174.3, 174.0, 170.38
174.0, 175.05, 175.7, 169.55, 171.0, 171.2, 172.02
171.2, 172.2, 173.9, 163.8, 163.8, 164.3, 167.49
164.3, 165.0, 166.5, 163.0, 164.0, 163.85, 165.08
163.85, 163.5, 164.9, 159.65, 160.15, 160.35, 161.08
160.35, 161.0, 162.95, 152.25, 153.95, 154.4, 156.25
154.4, 154.9, 155.8, 150.1, 152.2, 151.9, 152.38
151.9, 154.25, 158.75, 153.65, 155.3, 155.2, 156.29
155.2, 155.9, 156.0, 151.15, 153.0, 153.15, 153.17
153.15, 155.0, 160.7, 154.2, 160.45, 159.9, 158.46
159.9, 161.0, 163.0, 160.3, 161.05, 161.2, 161.38
161.2, 163.0, 163.0, 161.6, 162.35, 162.3, 162.29
162.3, 162.5, 163.45, 160.2, 161.3, 161.4, 161.66
161.4, 162.5, 165.0, 161.35, 162.4, 162.25, 163.23
162.25, 162.5, 162.9, 159.55, 160.0, 159.9, 160.64
159.9, 161.05, 161.65, 154.0, 155.95, 155.4, 157.49
155.4, 156.7, 158.85, 151.0, 152.0, 151.85, 154.92
151.85, 152.6, 153.45, 150.05, 151.8, 151.55, 151.25
151.55, 152.95, 155.5, 147.15, 148.7, 148.45, 150.18
148.45, 150.0, 153.45, 147.0, 148.5, 147.75, 149.69
147.75, 148.55, 151.0, 144.0, 144.5, 145.3, 147.19
145.3, 145.4, 147.4, 140.7, 145.55, 146.05, 144.44
146.05, 145.0, 147.0, 142.05, 145.45, 145.35, 144.67
145.35, 147.7, 148.0, 142.3, 143.3, 144.9, 145.79
144.9, 143.0, 145.25, 137.6, 138.3, 139.05, 140.8
139.05, 139.95, 148.6, 114.0, 141.0, 141.3, 135.51
141.3, 141.0, 145.6, 133.55, 144.1, 143.5, 140.98
143.5, 143.5, 153.9, 139.15, 153.4, 152.4, 148.78
152.4, 150.25, 154.9, 150.2, 153.0, 153.65, 152.82
153.65, 155.0, 155.9, 148.55, 150.3, 150.35, 151.61
150.35, 150.0, 151.5, 144.4, 146.5, 147.05, 147.51
147.05, 148.9, 149.75, 146.0, 146.7, 147.0, 147.71
147.0, 148.1, 148.1, 144.6, 145.5, 145.7, 145.62
145.7, 145.0, 145.95, 140.05, 141.75, 141.5, 142.73
141.5, 142.1, 144.1, 136.55, 138.5, 137.75, 139.41
137.75, 137.65, 149.7, 133.1, 147.0, 146.6, 144.7
146.6, 147.9, 149.7, 144.3, 149.3, 148.25, 146.56
148.25, 151.0, 154.35, 148.95, 150.6, 151.45, 151.73
151.45, 151.45, 151.9, 147.0, 148.0, 148.3, 149.45
148.3, 149.9, 150.35, 146.6, 147.8, 148.05, 148.45
148.05, 141.0, 145.45, 135.1, 144.25, 144.3, 143.1
144.3, 146.95, 150.5, 143.65, 149.8, 149.7, 147.53
149.7, 150.5, 152.4, 148.5, 149.45, 149.95, 150.22
149.95, 150.0, 151.35, 143.25, 144.2, 145.3, 146.98
145.3, 144.65, 145.4, 143.15, 144.0, 143.75, 143.96
143.75, 145.0, 146.9, 143.1, 143.35, 143.65, 144.57
143.65, 148.0, 148.0, 140.4, 141.0, 140.85, 141.74
140.85, 142.0, 142.65, 140.3, 141.25, 141.35, 141.65
141.35, 142.0, 142.85, 140.05, 141.75, 141.7, 141.22
141.7, 142.45, 145.35, 142.0, 143.75, 144.05, 144.33
144.05, 145.55, 146.4, 143.05, 145.5, 145.05, 145.15
145.05, 146.95, 150.5, 144.55, 150.2, 148.55, 146.83
148.55, 150.1, 158.8, 149.3, 157.2, 157.6, 154.69
157.6, 158.3, 160.0, 154.0, 154.15, 154.95, 157.31
154.95, 155.0, 155.3, 146.1, 146.85, 147.25, 150.08
147.25, 147.3, 148.3, 139.25, 140.75, 140.4, 143.63
140.4, 141.05, 142.75, 136.0, 139.1, 139.05, 138.79
139.05, 140.4, 140.85, 136.5, 139.5, 139.75, 138.88
139.75, 140.6, 143.7, 139.6, 141.3, 141.4, 141.94
141.4, 141.0, 142.5, 138.0, 139.1, 139.2, 139.87
139.2, 141.0, 141.0, 135.35, 137.5, 137.1, 137.23
137.1, 137.5, 140.55, 137.5, 140.3, 139.85, 138.91
139.85, 140.05, 142.0, 138.6, 140.0, 139.8, 140.28
139.8, 139.0, 142.0, 137.65, 138.4, 139.4, 140.11
139.4, 138.85, 141.35, 138.0, 140.5, 140.0, 140.0
140.0, 140.4, 144.5, 139.75, 142.4, 142.25, 142.94
142.25, 143.95, 144.55, 139.8, 140.45, 140.15, 141.67
140.15, 141.45, 141.5, 138.0, 138.1, 138.15, 138.47
138.15, 137.8, 140.85, 134.55, 139.6, 139.5, 137.51
139.5, 138.0, 141.0, 135.55, 140.0, 140.55, 138.43
140.55, 140.05, 142.45, 137.8, 138.9, 139.45, 140.04
139.45, 141.0, 141.05, 135.9, 136.8, 136.5, 137.0
136.5, 136.5, 139.25, 135.5, 138.25, 138.35, 137.91
138.35, 138.5, 139.25, 134.2, 135.0, 134.95, 136.7
134.95, 136.8, 136.8, 134.3, 134.5, 134.8, 135.57
134.8, 137.0, 137.4, 130.5, 131.65, 131.7, 134.47
131.7, 131.0, 132.0, 126.95, 129.0, 129.0, 128.57
129.0, 128.75, 130.85, 120.5, 129.8, 129.7, 125.87
129.7, 131.0, 139.9, 128.2, 138.6, 138.55, 135.65
138.55, 142.0, 144.4, 137.1, 143.45, 142.7, 142.17
142.7, 142.6, 146.0, 139.3, 141.75, 141.65, 142.77
141.65, 142.75, 144.25, 139.0, 143.5, 143.35, 142.31
143.35, 143.7, 149.4, 142.3, 148.0, 147.8, 146.14
147.8, 148.0, 151.0, 142.95, 145.1, 144.3, 147.21
144.3, 145.4, 145.4, 139.2, 143.1, 143.65, 142.13
143.65, 141.5, 143.8, 139.2, 139.2, 140.2, 141.43
140.2, 140.05, 146.6, 138.35, 145.2, 143.9, 142.57
143.9, 144.0, 149.8, 141.0, 145.1, 146.3, 145.09
146.3, 145.1, 149.5, 143.1, 149.5, 148.2, 146.82
148.2, 148.05, 150.55, 134.75, 138.35, 138.0, 139.36
138.0, 139.2, 141.4, 133.25, 139.2, 138.95, 137.75
138.95, 139.75, 139.75, 135.0, 135.8, 135.6, 136.36
135.6, 110.0, 137.8, 110.0, 133.1, 132.8, 133.8
132.8, 130.0, 132.5, 130.0, 131.6, 131.5, 131.21
131.5, 131.5, 133.7, 131.15, 132.75, 132.7, 132.84
132.7, 133.1, 134.3, 129.65, 131.2, 131.05, 131.23
131.05, 131.45, 135.55, 131.0, 133.15, 133.8, 133.72
133.8, 132.8, 133.65, 130.35, 131.25, 131.6, 131.8
131.6, 131.8, 134.5, 131.1, 132.4, 133.25, 132.71
133.25, 126.0, 132.9, 125.25, 130.6, 130.8, 130.93
130.8, 130.0, 132.8, 130.0, 132.0, 131.35, 131.87
131.35, 129.85, 134.75, 129.85, 134.3, 133.65, 132.11
133.65, 134.0, 135.5, 132.2, 133.7, 133.95, 134.1
133.95, 134.55, 134.95, 131.2, 131.5, 131.55, 132.95
131.55, 132.05, 133.5, 130.55, 131.7, 131.3, 132.15
131.3, 132.05, 132.9, 130.5, 131.5, 131.3, 131.73
131.3, 132.0, 133.6, 131.4, 132.55, 132.65, 132.3
132.65, 134.0, 138.4, 133.6, 137.25, 137.95, 136.61
137.95, 138.3, 139.55, 136.7, 138.0, 137.95, 138.06
137.95, 137.95, 139.8, 135.55, 136.25, 136.5, 138.3
136.5, 137.9, 138.15, 135.1, 136.25, 136.45, 136.68
136.45, 136.55, 137.65, 134.2, 136.5, 136.65, 135.72
136.65, 138.0, 142.25, 137.5, 141.0, 141.15, 140.36
141.15, 142.35, 149.1, 141.5, 148.95, 148.2, 146.0
148.2, 148.5, 158.0, 148.05, 157.0, 156.85, 154.12
156.85, 158.0, 158.4, 152.25, 154.15, 153.65, 155.05
153.65, 154.75, 157.0, 152.7, 155.75, 155.75, 154.85
155.75, 156.7, 156.8, 152.5, 154.5, 154.4, 154.75
154.4, 154.85, 155.95, 145.55, 145.9, 146.05, 148.73
146.05, 145.9, 147.85, 144.2, 147.0, 147.25, 146.61
147.25, 147.85, 148.25, 144.7, 146.0, 146.05, 146.18
146.05, 146.9, 153.5, 146.5, 150.1, 150.1, 150.06
150.1, 150.8, 151.2, 145.2, 147.0, 146.9, 147.29
146.9, 147.95, 149.35, 146.25, 147.85, 147.85, 147.79
147.85, 148.7, 149.4, 146.55, 147.05, 147.15, 147.51
147.15, 147.2, 147.9, 145.3, 146.0, 146.8, 146.69
146.8, 147.0, 147.6, 143.1, 144.5, 144.9, 144.5
144.9, 145.1, 146.0, 141.05, 142.65, 142.25, 142.62
142.25, 142.4, 146.35, 140.65, 145.15, 144.6, 143.66
144.6, 145.05, 146.05, 141.05, 143.65, 144.45, 144.59
144.45, 145.4, 146.0, 141.5, 143.0, 143.85, 143.29
143.85, 143.6, 148.45, 137.55, 138.1, 138.7, 143.22
138.7, 143.0, 143.0, 132.4, 133.45, 133.2, 134.94
133.2, 133.5, 134.35, 127.25, 129.7, 128.55, 130.74
128.55, 129.0, 133.35, 126.1, 132.5, 131.9, 129.08
131.9, 134.3, 134.7, 129.5, 130.0, 130.5, 131.27
130.5, 131.2, 136.2, 130.55, 135.5, 135.6, 133.98
135.6, 135.05, 136.85, 133.15, 134.75, 134.8, 134.74
134.8, 134.5, 135.4, 132.35, 133.45, 133.2, 133.72
133.2, 132.25, 139.35, 131.0, 139.0, 138.2, 136.59
138.2, 137.85, 140.1, 135.15, 138.25, 138.7, 137.49
138.7, 141.25, 156.45, 139.8, 144.25, 144.4, 145.88
144.4, 146.4, 149.35, 142.15, 148.0, 148.15, 147.04
148.15, 148.5, 149.8, 143.5, 145.2, 144.2, 145.79